wavelength,beta_logreg_raw,beta_logreg_sigma_6.0,beta_svm_raw,beta_svm_sigma_6.0
336.0,-0.04292584021057487,0.36440758845560106,-0.0523321177212315,1.7689563999737938
338.0,0.046758937469272135,0.1317348204387114,0.06672704704853101,0.20566260817462056
340.0,0.051932821715384485,-0.025005312772882413,0.017594909224544184,-0.716866875600809
342.0,0.016991957823152982,-0.07649887022647428,-0.01369583663493369,-0.8158631918048244
344.0,0.0033088826149699274,-0.014620971349201851,0.0006182640601556121,-0.14278727624281334
346.0,0.024256436405818545,0.13774877929378543,0.017147046973896747,0.9353071319164372
348.0,0.04000463989867809,0.3328594783135084,0.01106706271775753,1.8307431172348874
350.0,0.031240445754304392,0.5223842871017529,0.003178782814090539,2.0280537344236533
352.0,0.030833027868339843,0.6845114923286435,0.01692537110311249,1.4028135108344457
354.0,0.05460459930949456,0.8314448832265725,0.03855828848098568,0.31009272104265995
356.0,0.05524167809613101,0.990763379130313,0.03878591172690475,-0.6399608089867422
358.0,0.024381054268983675,1.1764415436879039,0.028485958589817704,-0.9426003189634078
360.0,0.017669827414663827,1.3707155497796637,0.03349209224730093,-0.4538050275865826
362.0,0.060097191134161565,1.5268064666507084,0.055527070862265965,0.5673454155290272
364.0,0.10494574128040662,1.589590714265915,0.07156309075680382,1.6024295006620184
366.0,0.09034869892037695,1.5227330350057215,0.05956622580063497,2.1262646185494423
368.0,0.016869458121289992,1.3259923126392585,0.021066215101889448,1.866037790266604
370.0,-0.04809813247561674,1.029602015888762,-0.018096385307318837,0.935146851643204
372.0,-0.050220842581881336,0.6681763946422714,-0.030518753030743535,-0.2591777073397363
374.0,-0.016259097038494562,0.2557422942960774,-0.019556004058158886,-1.296420798351644
376.0,0.0009596335826227272,-0.212814875640677,-0.006924625202134607,-2.015100374874563
378.0,-0.010132409387080576,-0.7288289702259925,-0.004542011621324101,-2.561979231527839
380.0,-0.01909403310926682,-1.2303572998379753,-0.00698767291267374,-3.1741839059136705
382.0,-0.0026781925156975695,-1.5945430024790772,-0.002998026293075219,-3.8830298067198923
384.0,0.01871978592703568,-1.6806166913170923,0.006252051308206605,-4.411980138813793
386.0,0.017342228228380593,-1.4021111019706851,0.009286295692518702,-4.369298029429567
388.0,0.002764152562998322,-0.7823782036778159,0.004625980920916139,-3.5616473832859157
390.0,-0.00017740669706155975,0.041768415765914904,0.0008402692829508251,-2.1526645403993405
392.0,0.017952597342795244,0.8731042083668628,0.006831037276599156,-0.53919063283575
394.0,0.04447807141542932,1.5393135955569681,0.02111420598776531,0.9414067199332656
396.0,0.06374257657300296,1.9671545570732034,0.034902760588042,2.225120442593922
398.0,0.0755783618077325,2.204012174495823,0.04241104529020844,3.483285131247712
400.0,0.08155722173546716,2.374871340299389,0.04087077230065212,4.881239091377737
402.0,0.08478069550563157,2.6024351534156267,0.03547447834074686,6.351685289031491
404.0,0.08992323074095587,2.9386660678005696,0.03225798747939694,7.570869552134595
406.0,0.09082541107165949,3.3452739536622214,0.028719198874689385,8.14602206994131
408.0,0.07445405949485365,3.7292668013417205,0.01829945045878904,7.862294827024427
410.0,0.03915370091309567,4.008049206936311,-0.00119074783468604,6.818061704920222
412.0,0.00860041271114203,4.164497310911691,-0.019821197453845397,5.384590633080272
414.0,0.006695654076289868,4.261621715901558,-0.023732011033749247,4.048912256040335
416.0,0.02890572753206208,4.410503899278682,-0.011635459689755797,3.24371600729151
418.0,0.05509121884762958,4.709757531716305,0.0057876898384982035,3.230820904575868
420.0,0.07652437039709681,5.18767756988558,0.021549796311263716,4.044215583716832
422.0,0.09442175534503627,5.774134604856908,0.03495478253022797,5.470925256273608
424.0,0.10986838097520464,6.312732666987358,0.04648167482879371,7.064723624489379
426.0,0.1187632035017919,6.606313149558652,0.05445623766922167,8.217627595856001
428.0,0.11490072346623188,6.47878813233305,0.05598748813361505,8.315195339069339
430.0,0.09680141298297834,5.833255853313616,0.05019543798228706,6.9571548434271735
432.0,0.06408141407155998,4.687443451877648,0.0361168641999008,4.15911081215809
434.0,0.021392022341532355,3.1733713475697027,0.014313538174818367,0.41783376456547616
436.0,-0.01678528052181104,1.500464239568272,-0.008947769199395767,-3.4329208794178125
438.0,-0.04088988175226409,-0.10340767267019844,-0.02808087495534648,-6.536601507261181
440.0,-0.04847420094135828,-1.4490830948645321,-0.03972852080898437,-8.35030763355333
442.0,-0.04293642387393303,-2.4205060927074973,-0.043236150357087506,-8.832561753712078
444.0,-0.031109124365054235,-2.9785915468500304,-0.04128057671897386,-8.39298621500587
446.0,-0.017374899459739416,-3.1416257157742944,-0.03626225174491643,-7.6438970385762035
448.0,-0.00316723276813751,-2.957616819837271,-0.02891742386673357,-7.088895309419201
450.0,0.011306795695250574,-2.483197484331693,-0.019316433237100212,-6.898267958438456
452.0,0.026486712214045655,-1.7763530452258427,-0.007479994535303901,-6.864635739747353
454.0,0.04302854213653901,-0.90115462531436,0.006698103389634906,-6.544393649208939
456.0,0.06037119255719509,0.06401823277678545,0.02287819356786154,-5.509747964913146
458.0,0.07584994980692981,1.0249054010748255,0.039285238310464515,-3.5899206667753614
460.0,0.08651131510273598,1.8824040864823115,0.05343246132024344,-0.9868711203316154
462.0,0.0911456722435793,2.554228784440946,0.06379721521460333,1.7870644429832145
464.0,0.08977400319819323,2.9980995259608716,0.06983195398584037,4.113199322026015
466.0,0.08297682442872541,3.225476124114174,0.071409216222097,5.510297418976354
468.0,0.07224496345126488,3.2989022238283856,0.0690497521272973,5.809778018141404
470.0,0.05989641390413132,3.3128624113722203,0.06404476848782946,5.199460281938206
472.0,0.04824995895820768,3.36389359176802,0.057925665365374274,4.134504161581451
474.0,0.039016972622754185,3.518835485492452,0.05190382440532538,3.160850112313946
476.0,0.03318231256849036,3.7907279502214015,0.04675535321181225,2.718514155119169
478.0,0.030914146290573943,4.13025609656242,0.042926590590241495,2.9922843178054546
480.0,0.031414293390490476,4.436624263143532,0.040526638835366766,3.8586957415997336
482.0,0.03303239025641341,4.585710611819321,0.03920026884876359,4.943791419548833
484.0,0.033667768129418144,4.46726710559515,0.03809979158806788,5.765943390821714
486.0,0.03130827923958153,4.019538668877107,0.03612626280678126,5.908239247842051
488.0,0.024727531845597586,3.2506136748309338,0.03240712715114999,5.158647706595554
490.0,0.014056058957403736,2.240477747589482,0.026749895174523714,3.5739762542807147
492.0,0.0005604548331457471,1.1239390909963816,0.01961129964525749,1.454653812402578
494.0,-0.01420548465220299,0.06004089746427753,0.01164377332908964,-0.7523022528146964
496.0,-0.029041443662079638,-0.8032039813441412,0.0033145687849171056,-2.5849792177127124
498.0,-0.04325005562478998,-1.3595073897151904,-0.005179838880600304,-3.6904623970060424
500.0,-0.05652748432805977,-1.563381234538624,-0.013829534767077115,-3.906799345983149
502.0,-0.06880985537776063,-1.4344417015218114,-0.022695108856181142,-3.2862575859726633
504.0,-0.08011531511864085,-1.0479394253421075,-0.03178870725009933,-2.0624378514790767
506.0,-0.0904024323684701,-0.5155409792537953,-0.04097148062901567,-0.5783799371864718
508.0,-0.09945970567424475,0.03834811722256403,-0.04986732793403806,0.8008595992102204
510.0,-0.10686528164021071,0.4996731826905059,-0.05783465251946728,1.7688945285785085
512.0,-0.11205558439368937,0.7832481752662106,-0.0640368390410611,2.1354911434551678
514.0,-0.11452556803884396,0.8440553178597386,-0.06764950438552267,1.851954871694061
516.0,-0.11408280569087735,0.6801290827499683,-0.06814997206354442,1.0033271381100213
518.0,-0.11099493136675687,0.32738319294348145,-0.06552408323408411,-0.22658957709854394
520.0,-0.10591997114653787,-0.1517397416752617,-0.06026612609030459,-1.6060107099389247
522.0,-0.09968434788732773,-0.6827926309862434,-0.0531865999750393,-2.9080689162292064
524.0,-0.09306533548144676,-1.1936735441611375,-0.04518456550708731,-3.953560423991811
526.0,-0.08667825260101897,-1.626007681224317,-0.037087005578675246,-4.635813291485723
528.0,-0.08095982194108728,-1.9419780433776013,-0.0295745772917706,-4.925854609399783
530.0,-0.07619343818368532,-2.126388399803821,-0.02314916001265873,-4.861182966416793
532.0,-0.07253385365313612,-2.1847866197711965,-0.01811807479871053,-4.524365651190622
534.0,-0.07002376104580775,-2.1389618570181197,-0.014590797789640985,-4.018159676743686
536.0,-0.06860144023768616,-2.0211237758558505,-0.012490653719787317,-3.4426751958938144
538.0,-0.06811311635091787,-1.8678222311729042,-0.011588666622569407,-2.8782875153202756
540.0,-0.06833481408900233,-1.7143979126057076,-0.011550439346758331,-2.3762143303000376
542.0,-0.06900778699618067,-1.5905539930430879,-0.011993436520241568,-1.9570717611465287
544.0,-0.06988619192696224,-1.5174643476256944,-0.01255164307526821,-1.616274990417754
546.0,-0.07077968072457266,-1.506612533750251,-0.012932432142124198,-1.3339468359301068
548.0,-0.07157834072718261,-1.5602699374538167,-0.012955019346740058,-1.0863058467548863
550.0,-0.07224668214876426,-1.6732318455340236,-0.012559234802682536,-0.8555708322805231
552.0,-0.0727966056313202,-1.835233986574626,-0.011784438363990474,-0.6362391777558298
554.0,-0.07325388875870072,-2.033438139696004,-0.01073749769080531,-0.4368615789179458
556.0,-0.07363183783637604,-2.2545028264388183,-0.009556502525128088,-0.2776804953033005
558.0,-0.07392019536707546,-2.4859791424853768,-0.008384471842631799,-0.18534639106109738
560.0,-0.07408420235150133,-2.717004818039299,-0.007347979025811682,-0.18624751991686633
562.0,-0.07407429630862515,-2.9384440497996165,-0.006545550021966107,-0.2999020637050871
564.0,-0.07383785389693345,-3.1427075113770684,-0.006039051413572003,-0.5335883397302538
566.0,-0.07333256835003697,-3.3234886092752927,-0.005853269765337854,-0.879093233500761
568.0,-0.07253638056990017,-3.475587941528474,-0.005979115631968573,-1.3121548481572671
570.0,-0.07145523940095375,-3.5948979200897857,-0.006383093145323399,-1.794770937979446
572.0,-0.07012816155986124,-3.67852189184706,-0.0070214161923758,-2.2799988833110505
574.0,-0.0686283350592342,-3.724943214965795,-0.007853920458527406,-2.7183211351333267
576.0,-0.06706012340993316,-3.734154994615052,-0.008855949614105301,-3.0643424860619235
578.0,-0.06555146850225749,-3.707694841088927,-0.010027192771555752,-3.282669135753494
580.0,-0.06424041682421487,-3.6485677242047614,-0.011393545081519456,-3.352195767655957
582.0,-0.06325920565382401,-3.5610587789176775,-0.01300249287490819,-3.2684433328939058
584.0,-0.06272001437137098,-3.450435215094407,-0.014915894649654817,-3.043856602872628
586.0,-0.06270235431583435,-3.3225299519687717,-0.01719751042781678,-2.7060859808102022
588.0,-0.06324857627610694,-3.183210748957521,-0.019902518884876215,-2.294387098064567
590.0,-0.06435989589933343,-3.0377751679000373,-0.02306614051386961,-1.854506814551921
592.0,-0.06599806370744653,-2.8903569053094658,-0.0266944042923964,-1.4327570205620221
594.0,-0.06808606417465825,-2.7434508356321374,-0.030755386754090973,-1.0702169957965717
596.0,-0.07051165228246854,-2.5976430877470413,-0.035173773918329286,-0.7979713977391978
598.0,-0.07313038386452586,-2.451580880179952,-0.039826801132158356,-0.6339874884489087
600.0,-0.07577042746992514,-2.3021659675768125,-0.04454410822948518,-0.5818233189900095
602.0,-0.07824087897882054,-2.14492718312146,-0.04911338209879318,-0.6310014478784921
604.0,-0.08034219878486894,-1.9745216259929108,-0.05329149032447919,-0.7586634878488258
606.0,-0.08187979557756057,-1.7853182447427662,-0.056821133827839466,-0.9320658208972422
608.0,-0.08268091424983354,-1.5720208301106111,-0.05945397824265255,-1.111566851465781
610.0,-0.08261060337462856,-1.330286030073365,-0.06097582988506844,-1.2539078344475403
612.0,-0.08158734866920782,-1.0572901980925655,-0.06123215296072321,-1.3156923280107367
614.0,-0.07959314978932036,-0.7522049949463026,-0.060147892240252215,-1.256974945298181
616.0,-0.07667507977975847,-0.4165595775971754,-0.05773674771728277,-1.0448276544792912
618.0,-0.07293987282973392,-0.05449165184744311,-0.05410044795519526,-0.6567491991096471
620.0,-0.068540370668337,0.3270864128276992,-0.04941511078586076,-0.08386514271409867
622.0,-0.06365709208209057,0.7183574685193459,-0.04390943807250776,0.6659959682992559
624.0,-0.058479095064057934,1.1064438799617233,-0.03783971230396826,1.5651922781671026
626.0,-0.053188235972902266,1.4752078785800407,-0.031467070599953746,2.5632282723303956
628.0,-0.04794660309919051,1.8051588566040226,-0.025038318734539933,3.5848357015499928
630.0,-0.042890294555904936,2.073926714261104,-0.018773898382209633,4.531867269630103
632.0,-0.0381272905518294,2.258084523007369,-0.012862873242311265,5.293117688491893
634.0,-0.03373901396560463,2.337190616542237,-0.00746206530104827,5.765570987320432
636.0,-0.033378033761115644,2.3004452479901567,-0.004835903432537198,5.886215900080825
638.0,-0.03590917784439246,2.1550062850286964,-0.008881682672208588,5.665490599537532
640.0,-0.03152674565224922,1.9327829918019899,0.0012790879434982525,5.204809924295342
642.0,-0.020650228464837602,1.6904015179225058,0.033890163513884526,4.678318472409493
644.0,-0.013275663518457619,1.497220134900718,0.06292401685085619,4.270443303644272
646.0,-0.015967856563939634,1.4106994535322013,0.06024618940114431,4.085876522978979
648.0,-0.020959598751598623,1.4460200407104913,0.03821631389977786,4.073412790125669
650.0,-0.018581858535915326,1.5531414238038568,0.019035995959232242,4.010116786165322
652.0,-0.0056625305382176335,1.6153059549627642,0.017643924268717134,3.570373989025232
654.0,0.012275202322821793,1.4771551894658395,0.03139028942836514,2.465231016060159
656.0,0.02406773457578197,0.998781237530153,0.04359960501411828,0.5968123525731958
658.0,0.02027918060306693,0.11669591887866053,0.03679916838582849,-1.8509495440960877
660.0,0.0006579404336880554,-1.1175407018834165,0.007453194284273542,-4.446547233186382
662.0,-0.025376371171511668,-2.543462029259726,-0.03086631095396427,-6.665639308605936
664.0,-0.04541377301504022,-3.940999873616696,-0.058204585603156854,-8.087664956401301
666.0,-0.0525883577597485,-5.098261746117194,-0.0635369154871765,-8.533701818400631
668.0,-0.04853393984818485,-5.868446923488687,-0.0507346068402716,-8.089030555646955
670.0,-0.04026250607636867,-6.198317359499057,-0.033383679284715854,-7.02083472952306
672.0,-0.03526698824663558,-6.125291312762047,-0.025566257684931162,-5.64676087487565
674.0,-0.03705943388752382,-5.750375873874368,-0.03313923699962089,-4.22071721032076
676.0,-0.04334196711874196,-5.200112069081104,-0.050422225699671766,-2.8824808769660986
678.0,-0.04843706897621638,-4.592312328571009,-0.06552031863242423,-1.6773470733120839
680.0,-0.04793801002349751,-4.015842914032067,-0.06981630734777994,-0.6124132702617655
682.0,-0.041759760091790235,-3.525936812109383,-0.06358585736548508,0.297751285258951
684.0,-0.03417766688004133,-3.149439793941513,-0.05505805610699294,1.024116789663215
686.0,-0.03091714923760496,-2.893069866297,-0.05401641948526763,1.5476414375283554
688.0,-0.03484574973773312,-2.7509502529389613,-0.06381746609497012,1.8824900198778025
690.0,-0.04362678714156895,-2.711147082913895,-0.07814857716638514,2.067693700481031
692.0,-0.051129539319110434,-2.7617059843964644,-0.08517631927917692,2.125805154311366
694.0,-0.051413483308144096,-2.8950318773956263,-0.07574072074362523,2.0203145283688233
696.0,-0.04212963353498836,-3.108050112441855,-0.04911959614178919,1.6532221370634057
698.0,-0.025689131956627906,-3.3966925854748884,-0.013735944835444082,0.9205114864118972
700.0,-0.008221339466980468,-3.746737121651753,0.01678699887823615,-0.19788975820360832
702.0,0.0037767626395366623,-4.126549879321264,0.03131693986267571,-1.5683064568419842
704.0,0.007070417449916622,-4.487921403663666,0.027467101383685445,-2.9075556813879553
706.0,0.0028910723083565206,-4.777513289024298,0.011820013400732713,-3.8777131516948526
708.0,-0.004684661684398286,-4.95506620161264,-0.0052953326242962855,-4.233258229595885
710.0,-0.011850781520991956,-5.009500820547831,-0.016736214674626344,-3.9450630738398234
712.0,-0.017342844918479285,-4.9637718737114245,-0.022239558282598722,-3.230114175673655
714.0,-0.02257302319206043,-4.864170103369076,-0.027232513383518685,-2.4601170075352607
716.0,-0.02996951414483635,-4.75746288703973,-0.03823262455691744,-1.9841882741897447
718.0,-0.040472139231520196,-4.666388622496438,-0.05732379234134396,-1.9515262434625364
720.0,-0.051786948638886006,-4.576632668421732,-0.07933716526027998,-2.2302036178611346
722.0,-0.05884393375484598,-4.443743714697895,-0.09397173853139158,-2.473325383650505
724.0,-0.05647401995803993,-4.21802426605486,-0.09180013894145699,-2.303842423695808
726.0,-0.042409748075564094,-3.8753915948406683,-0.06990744669857088,-1.5237445474902231
728.0,-0.018845803501326332,-3.4385963925124865,-0.033809288031054804,-0.24135766273258025
730.0,0.007609624330840987,-2.9773793199214635,0.004147990052219704,1.1479189243851953
732.0,0.02794866867044065,-2.585452009684766,0.029574386125595663,2.1237175684113647
734.0,0.03462840396985907,-2.3428329318152734,0.032781098561631444,2.275711711074399
736.0,0.025106121372150632,-2.2799630587638253,0.013455760250273334,1.5029979705647316
738.0,0.0031153806661217737,-2.3607990419337614,-0.01939523294393225,0.08030545681399502
740.0,-0.02295245568989239,-2.4938836556263397,-0.05207139598383631,-1.4439400069116912
742.0,-0.043810775070092706,-2.567130815468961,-0.07274962134516957,-2.470754962601032
744.0,-0.05273750257082611,-2.4913810905176157,-0.07589111050781187,-2.593928148766212
746.0,-0.04751297451735822,-2.2348616331096425,-0.06330537529775804,-1.7606412327375187
748.0,-0.03105881221920326,-1.8352385687136166,-0.042689703900858515,-0.2869851342885071
750.0,-0.010064956686137693,-1.3848717469145904,-0.023621120674800666,1.2744233929438025
752.0,0.008222196277211678,-0.9952095828763157,-0.0126868782870476,2.358699444134593
754.0,0.018965515471098312,-0.7548490800658808,-0.010863731211408406,2.6100152175963016
756.0,0.021179205289150904,-0.6986364723528475,-0.014116927592233408,2.0063360983804013
758.0,0.017421517982948418,-0.799924779864885,-0.016342210719155773,0.8398595335502871
760.0,0.011977962420821645,-0.9871479834984899,-0.012855104984930277,-0.42683518608818416
762.0,0.008720730623384597,-1.1753450523583588,-0.0026282614161071563,-1.3566339324041727
764.0,0.0096220269806406,-1.2982934167211078,0.011239601133252796,-1.700075375580842
766.0,0.01416683112652425,-1.328604026223838,0.022962149246944445,-1.462376093979016
768.0,0.019900243800575486,-1.2795255029314674,0.027142640899812137,-0.8592554952983157
770.0,0.023921190027771575,-1.1903005546991188,0.021726891141775943,-0.1928805269653346
772.0,0.024435521121201852,-1.1035211629434762,0.009096356942921904,0.2901002011547568
774.0,0.02162953165923571,-1.0453184380087073,-0.005000884444768831,0.4953289078925471
776.0,0.017493030513256624,-1.0165836102908588,-0.014138706395344161,0.4962654008287808
778.0,0.01471072664872615,-0.9975608410949449,-0.014075564317042181,0.47159047270795507
780.0,0.015348166681884878,-0.9621813137828527,-0.004348905172387149,0.5996684713933158
782.0,0.019896202631106606,-0.8947732427059433,0.011513097702258333,0.9593600622922644
784.0,0.0268947460132101,-0.8012041739256753,0.02706039788757374,1.4810590772609709
786.0,0.0333958735300241,-0.709096794969852,0.035399555529554295,1.9697270168376262
788.0,0.03617825238089274,-0.6567465059285609,0.03211013301766568,2.189652897562925
790.0,0.03314155119878477,-0.6757655347289974,0.017098274541497302,1.9718884302785582
792.0,0.024337992298079928,-0.7754888688528222,-0.005285446178401736,1.295240445260385
794.0,0.012134106624964185,-0.9361250923982053,-0.027995195558026095,0.3060883129053429
796.0,0.00026820631225027175,-1.1134357028885056,-0.04419067590639466,-0.7288009425761213
798.0,-0.007550037766737518,-1.2529735423223272,-0.04953568842984112,-1.5156228860273706
800.0,-0.008758202545259955,-1.3086487966639913,-0.04314054253519061,-1.8379446877157788
802.0,-0.0027217320989242817,-1.2591344570057452,-0.02763733045249596,-1.6355098332869977
804.0,0.008895930117707597,-1.116186608678628,-0.008421799049736455,-1.0291159842565651
806.0,0.02259690231171415,-0.9213753092544222,0.008236207446509795,-0.2805000794775563
808.0,0.034286035454927775,-0.7318566538722875,0.017476326357868385,0.29998970034605077
810.0,0.04064895669467277,-0.6003038495574325,0.01736471355819503,0.46353069827244076
812.0,0.040246178616569005,-0.5565972938645846,0.009284259059916361,0.10908612417388289
814.0,0.03402095808245559,-0.5978769092007361,-0.002794701113652075,-0.684129049858411
816.0,0.024906970270110088,-0.6899040596566768,-0.01392364926639045,-1.6850404771954846
818.0,0.016740193848491243,-0.7786073328495398,-0.019879572083259026,-2.586178849077902
820.0,0.013074639410483577,-0.8078381890141857,-0.018299455181490135,-3.1007977606852206
822.0,0.01616989311739297,-0.7379536836940922,-0.009228264167413257,-3.05286053529021
824.0,0.026221715898892044,-0.5595231827821628,0.004894542195403169,-2.4330870731899843
826.0,0.04115854672551787,-0.29740211094480284,0.020023787036988417,-1.4021317358831655
828.0,0.05720919619684386,-0.0032049936464715765,0.03185602747947647,-0.23794638020286044
830.0,0.06998031662596135,0.26148221157738927,0.03711588533540237,0.7545505900786104
832.0,0.07571593326601062,0.44496776669516636,0.034402881710210324,1.3378388195344164
834.0,0.07247936630762443,0.5211952496915911,0.024481871131940378,1.4067677622907642
836.0,0.060729728515218864,0.4964723065243634,0.009850713925776439,1.0062319882107635
838.0,0.04297874441403612,0.4061546226833013,-0.006221935285004459,0.3035016566628967
840.0,0.022962853168367017,0.303375062380515,-0.020591586899498582,-0.4695755640164086
842.0,0.00486686978782151,0.24338914191404692,-0.03077411183688778,-1.0853988535167343
844.0,-0.007436085748610922,0.26747882205379603,-0.03529797231346078,-1.3829451290596533
846.0,-0.011316366012938285,0.3903715610572213,-0.03398139808043779,-1.3090085163609848
848.0,-0.006168977237779538,0.5947499228083882,-0.027895379380113664,-0.9277936102763306
850.0,0.006447317098992456,0.8349509579330543,-0.01891069587371344,-0.39578532949844486
852.0,0.023307465317181586,1.0491527143295465,-0.009086548493096366,0.09019443769952408
854.0,0.040349325621593164,1.176289288300692,-0.00019924146051621008,0.354038949398497
856.0,0.053728327415062074,1.1723715505769134,0.006577440176459343,0.29029268117263085
858.0,0.06088855636035401,1.0216653774738567,0.010841390001382055,-0.11095968152035392
860.0,0.061137239938833035,0.7405047692668509,0.012901435697141722,-0.7675706662789769
862.0,0.05551610342729716,0.3738301326382264,0.013519544686910039,-1.5317224246053749
864.0,0.04630937434916303,-0.014117294134896841,0.013620092983732436,-2.2297255431014857
866.0,0.036513288976383194,-0.3529881366676468,0.014078919623424144,-2.705186746000925
868.0,0.029222479599416273,-0.5810522529969366,0.015585000557821764,-2.856119893884586
870.0,0.026878304598868762,-0.658533528523937,0.018554626713723505,-2.657572621392763
872.0,0.03061653990606717,-0.5763066247018425,0.023081444257281272,-2.1638924273013957
874.0,0.04001230200353551,-0.35741576940781505,0.028936070837039755,-1.4899803860140386
876.0,0.053227727555083926,-0.050887813151785304,0.03558638733502974,-0.7777362009689952
878.0,0.06747036924891214,0.2801003890451765,0.042255189289641816,-0.15906434712468528
880.0,0.07971648684061479,0.5718871495335922,0.04805344865813836,0.27291381386547586
882.0,0.08750432544901776,0.7720855808965728,0.05215043674543066,0.47757820981462173
884.0,0.08943928553403019,0.8473120842224611,0.05388468029294849,0.46521687285962293
886.0,0.08526904697499295,0.7866358447534999,0.052777794942097576,0.28455074450687506
888.0,0.0757683883523929,0.6015317665270264,0.04857231365414843,0.005093566054853604
890.0,0.0626238358211059,0.32313017643736053,0.041356918537630606,-0.30087334980239844
892.0,0.048253560866338537,-0.0028423058061781137,0.03173615349176309,-0.5732678331621668
894.0,0.03537295838855532,-0.323122530265331,0.020858299387437565,-0.7736022647802698
896.0,0.026359846944077166,-0.5851569198732599,0.010231777735904135,-0.8872267719897766
898.0,0.022712990709299722,-0.7449619387451978,0.0014178737524427481,-0.918452086067399
900.0,0.024802187479471643,-0.7727245017264829,-0.0042439037654903086,-0.8807878673369827
902.0,0.03188006090037001,-0.6549013830821349,-0.005868589606392666,-0.7862590937815375
904.0,0.042318522217548,-0.39291011919205887,-0.0032048867829666395,-0.6378639569780611
906.0,0.05404677650214967,0.0002674075396291696,0.003293653386493326,-0.42761192835342565
908.0,0.06506763003059754,0.5038064001488717,0.012586776827987317,-0.14028140530296054
910.0,0.07383781880603427,1.0917368045901967,0.023291458297402864,0.23873202813211325
912.0,0.07942521690255945,1.7341272224786344,0.033919637746929285,0.7139061957873755
914.0,0.08155395182836724,2.3971236067481176,0.04306028482375166,1.271018282140529
916.0,0.08064785707150958,3.0428185095775415,0.0495975477859818,1.8720955075268801
918.0,0.07783218970626746,3.6301536893056188,0.052990959931083804,2.45629199451325
920.0,0.07472421185552668,4.117775379249384,0.05345689116241505,2.948173561384142
922.0,0.07301828950382883,4.468909957044562,0.05192020065259201,3.2727172876960524
924.0,0.07402072960633206,4.657170007367014,0.04973080242516524,3.3733264075061777
926.0,0.07831744658177761,4.6713878158728,0.04830734326785412,3.2270067607808217
928.0,0.08564598990220268,4.517733500099204,0.04882136615131671,2.851354560475855
930.0,0.09500420900147213,4.218506291356437,0.0519548739282559,2.3012791425186325
932.0,0.10498209267553824,3.8083624943405345,0.05776851204472837,1.6574338596462617
934.0,0.11415994029254983,3.3295170687091162,0.06573960739625553,1.0107393064377954
936.0,0.1213300723483749,2.8273194295701556,0.0748867146648413,0.44726968226932806
938.0,0.1255014791300038,2.3468596581422334,0.08389232633985935,0.03604672475891802
940.0,0.12585706575272565,1.9304317658197039,0.09118828167251801,-0.17951680521781732
942.0,0.1218783041937524,1.6151635042394288,0.09513636577741157,-0.18664426248687438
944.0,0.11368993961105345,1.4301062139888727,0.09444420522222279,-0.0046087394893262225
946.0,0.10238875868535312,1.3925856836641548,0.08872997626097022,0.31823108897698377
948.0,0.08996567407141107,1.5044897657405618,0.078834356223777,0.7127439157340334
950.0,0.07875494724053674,1.750000442084791,0.06659451652691951,1.102595188412427
952.0,0.07078716169066288,2.0964509194541128,0.05428072376588321,1.4206829647958765
954.0,0.06739096635178149,2.4990631869158833,0.044112296946142195,1.6238026058013821
956.0,0.06903891733542152,2.908593457550446,0.03795771145838592,1.7005938426208187
958.0,0.07530673465214058,3.279470380591066,0.03702551702887495,1.6702613192188198
960.0,0.08503418315392969,3.5759001267742447,0.04158143419806448,1.5733792659000825
962.0,0.09672224565754717,3.7746576940883383,0.05090496773164923,1.458812044526475
964.0,0.1089504586456337,3.864910401965004,0.0635860185977596,1.3710301829377847
966.0,0.12053066971463128,3.8464168400384073,0.07788089369166452,1.3405160740257807
968.0,0.13038797641496064,3.7275135694143575,0.09186964212911371,1.3781260157099382
970.0,0.13738229692246728,3.523757962289389,0.10342393934044915,1.4732998166360542
972.0,0.14037256098696518,3.25736452225362,0.1103239736937871,1.5959914439282286
974.0,0.13867187985490456,2.9569022515942436,0.110799839874619,1.7025683090010029
976.0,0.13270239581027457,2.6562487082436363,0.10441836763865106,1.7458956830703811
978.0,0.1241911085947519,2.3917332045455924,0.09253558305199211,1.6887258073981462
980.0,0.11557953139196359,2.1970299399661273,0.07782425607758031,1.5173455714024913
982.0,0.10913013891452387,2.0966855421340513,0.06331693880466492,1.2504105059278192
984.0,0.10633863142023092,2.100497870392001,0.051778351812739265,0.938095033819738
986.0,0.10767716738570612,2.2011695921442795,0.045433631049178774,0.6502313374459017
988.0,0.11252027549725878,2.376242758589802,0.04565121955784399,0.4572732575499073
990.0,0.11938646256939232,2.593187506747884,0.05238409814472579,0.4110683640283319
992.0,0.12665454686971367,2.8152450761091035,0.0640155999317186,0.5314229705411555
994.0,0.13320384218761797,3.0059530025760433,0.07797770390039258,0.800681597902955
996.0,0.13840910608800897,3.131642736408545,0.09159648457641029,1.1652091803622215
998.0,0.14164214256276358,3.162585000780159,0.10230114535922835,1.5418354108638113
1000.0,0.14177598158861962,3.0743090561111,0.10729355277765472,1.828895234693405
1002.0,0.13700335987978582,2.8508712537921936,0.10334795187302609,1.9239334657391582
1004.0,0.1254498311643069,2.491326205200463,0.08773180041731743,1.7510140962720018
1006.0,0.10698986628324363,2.01862494819137,0.06074276839287305,1.296451548099941
1008.0,0.08494627877493305,1.4860484727112107,0.027802653560226206,0.6400485855937044
1010.0,0.06500253295372918,0.9724467274906465,-0.002385379262462721,-0.04451560580810266
1012.0,0.052379661018005806,0.5609304314343299,-0.021594522698355538,-0.541005492679261
1014.0,0.050907833797487825,0.3094459121917021,-0.022742989686296428,-0.6761998215294253
1016.0,0.06402968986021869,0.23268281613227143,0.002239820683903728,-0.38429894245845087
1018.0,0.09532420292857917,0.30645983085574074,0.06378981564019277,0.29019753038923163
1020.0,0.1459900626305403,0.48680650617190585,0.17035681444121317,1.2378970694247322
