wavelength,beta_logreg_raw,beta_svm_raw,abs_beta_logreg_raw,abs_beta_svm_raw
336.0,-0.04292584021057487,-0.0523321177212315,0.04292584021057487,0.0523321177212315
338.0,0.046758937469272135,0.06672704704853101,0.046758937469272135,0.06672704704853101
340.0,0.051932821715384485,0.017594909224544184,0.051932821715384485,0.017594909224544184
342.0,0.016991957823152982,-0.01369583663493369,0.016991957823152982,0.01369583663493369
344.0,0.0033088826149699274,0.0006182640601556121,0.0033088826149699274,0.0006182640601556121
346.0,0.024256436405818545,0.017147046973896747,0.024256436405818545,0.017147046973896747
348.0,0.04000463989867809,0.01106706271775753,0.04000463989867809,0.01106706271775753
350.0,0.031240445754304392,0.003178782814090539,0.031240445754304392,0.003178782814090539
352.0,0.030833027868339843,0.01692537110311249,0.030833027868339843,0.01692537110311249
354.0,0.05460459930949456,0.03855828848098568,0.05460459930949456,0.03855828848098568
356.0,0.05524167809613101,0.03878591172690475,0.05524167809613101,0.03878591172690475
358.0,0.024381054268983675,0.028485958589817704,0.024381054268983675,0.028485958589817704
360.0,0.017669827414663827,0.03349209224730093,0.017669827414663827,0.03349209224730093
362.0,0.060097191134161565,0.055527070862265965,0.060097191134161565,0.055527070862265965
364.0,0.10494574128040662,0.07156309075680382,0.10494574128040662,0.07156309075680382
366.0,0.09034869892037695,0.05956622580063497,0.09034869892037695,0.05956622580063497
368.0,0.016869458121289992,0.021066215101889448,0.016869458121289992,0.021066215101889448
370.0,-0.04809813247561674,-0.018096385307318837,0.04809813247561674,0.018096385307318837
372.0,-0.050220842581881336,-0.030518753030743535,0.050220842581881336,0.030518753030743535
374.0,-0.016259097038494562,-0.019556004058158886,0.016259097038494562,0.019556004058158886
376.0,0.0009596335826227272,-0.006924625202134607,0.0009596335826227272,0.006924625202134607
378.0,-0.010132409387080576,-0.004542011621324101,0.010132409387080576,0.004542011621324101
380.0,-0.01909403310926682,-0.00698767291267374,0.01909403310926682,0.00698767291267374
382.0,-0.0026781925156975695,-0.002998026293075219,0.0026781925156975695,0.002998026293075219
384.0,0.01871978592703568,0.006252051308206605,0.01871978592703568,0.006252051308206605
386.0,0.017342228228380593,0.009286295692518702,0.017342228228380593,0.009286295692518702
388.0,0.002764152562998322,0.004625980920916139,0.002764152562998322,0.004625980920916139
390.0,-0.00017740669706155975,0.0008402692829508251,0.00017740669706155975,0.0008402692829508251
392.0,0.017952597342795244,0.006831037276599156,0.017952597342795244,0.006831037276599156
394.0,0.04447807141542932,0.02111420598776531,0.04447807141542932,0.02111420598776531
396.0,0.06374257657300296,0.034902760588042,0.06374257657300296,0.034902760588042
398.0,0.0755783618077325,0.04241104529020844,0.0755783618077325,0.04241104529020844
400.0,0.08155722173546716,0.04087077230065212,0.08155722173546716,0.04087077230065212
402.0,0.08478069550563157,0.03547447834074686,0.08478069550563157,0.03547447834074686
404.0,0.08992323074095587,0.03225798747939694,0.08992323074095587,0.03225798747939694
406.0,0.09082541107165949,0.028719198874689385,0.09082541107165949,0.028719198874689385
408.0,0.07445405949485365,0.01829945045878904,0.07445405949485365,0.01829945045878904
410.0,0.03915370091309567,-0.00119074783468604,0.03915370091309567,0.00119074783468604
412.0,0.00860041271114203,-0.019821197453845397,0.00860041271114203,0.019821197453845397
414.0,0.006695654076289868,-0.023732011033749247,0.006695654076289868,0.023732011033749247
416.0,0.02890572753206208,-0.011635459689755797,0.02890572753206208,0.011635459689755797
418.0,0.05509121884762958,0.0057876898384982035,0.05509121884762958,0.0057876898384982035
420.0,0.07652437039709681,0.021549796311263716,0.07652437039709681,0.021549796311263716
422.0,0.09442175534503627,0.03495478253022797,0.09442175534503627,0.03495478253022797
424.0,0.10986838097520464,0.04648167482879371,0.10986838097520464,0.04648167482879371
426.0,0.1187632035017919,0.05445623766922167,0.1187632035017919,0.05445623766922167
428.0,0.11490072346623188,0.05598748813361505,0.11490072346623188,0.05598748813361505
430.0,0.09680141298297834,0.05019543798228706,0.09680141298297834,0.05019543798228706
432.0,0.06408141407155998,0.0361168641999008,0.06408141407155998,0.0361168641999008
434.0,0.021392022341532355,0.014313538174818367,0.021392022341532355,0.014313538174818367
436.0,-0.01678528052181104,-0.008947769199395767,0.01678528052181104,0.008947769199395767
438.0,-0.04088988175226409,-0.02808087495534648,0.04088988175226409,0.02808087495534648
440.0,-0.04847420094135828,-0.03972852080898437,0.04847420094135828,0.03972852080898437
442.0,-0.04293642387393303,-0.043236150357087506,0.04293642387393303,0.043236150357087506
444.0,-0.031109124365054235,-0.04128057671897386,0.031109124365054235,0.04128057671897386
446.0,-0.017374899459739416,-0.03626225174491643,0.017374899459739416,0.03626225174491643
448.0,-0.00316723276813751,-0.02891742386673357,0.00316723276813751,0.02891742386673357
450.0,0.011306795695250574,-0.019316433237100212,0.011306795695250574,0.019316433237100212
452.0,0.026486712214045655,-0.007479994535303901,0.026486712214045655,0.007479994535303901
454.0,0.04302854213653901,0.006698103389634906,0.04302854213653901,0.006698103389634906
456.0,0.06037119255719509,0.02287819356786154,0.06037119255719509,0.02287819356786154
458.0,0.07584994980692981,0.039285238310464515,0.07584994980692981,0.039285238310464515
460.0,0.08651131510273598,0.05343246132024344,0.08651131510273598,0.05343246132024344
462.0,0.0911456722435793,0.06379721521460333,0.0911456722435793,0.06379721521460333
464.0,0.08977400319819323,0.06983195398584037,0.08977400319819323,0.06983195398584037
466.0,0.08297682442872541,0.071409216222097,0.08297682442872541,0.071409216222097
468.0,0.07224496345126488,0.0690497521272973,0.07224496345126488,0.0690497521272973
470.0,0.05989641390413132,0.06404476848782946,0.05989641390413132,0.06404476848782946
472.0,0.04824995895820768,0.057925665365374274,0.04824995895820768,0.057925665365374274
474.0,0.039016972622754185,0.05190382440532538,0.039016972622754185,0.05190382440532538
476.0,0.03318231256849036,0.04675535321181225,0.03318231256849036,0.04675535321181225
478.0,0.030914146290573943,0.042926590590241495,0.030914146290573943,0.042926590590241495
480.0,0.031414293390490476,0.040526638835366766,0.031414293390490476,0.040526638835366766
482.0,0.03303239025641341,0.03920026884876359,0.03303239025641341,0.03920026884876359
484.0,0.033667768129418144,0.03809979158806788,0.033667768129418144,0.03809979158806788
486.0,0.03130827923958153,0.03612626280678126,0.03130827923958153,0.03612626280678126
488.0,0.024727531845597586,0.03240712715114999,0.024727531845597586,0.03240712715114999
490.0,0.014056058957403736,0.026749895174523714,0.014056058957403736,0.026749895174523714
492.0,0.0005604548331457471,0.01961129964525749,0.0005604548331457471,0.01961129964525749
494.0,-0.01420548465220299,0.01164377332908964,0.01420548465220299,0.01164377332908964
496.0,-0.029041443662079638,0.0033145687849171056,0.029041443662079638,0.0033145687849171056
498.0,-0.04325005562478998,-0.005179838880600304,0.04325005562478998,0.005179838880600304
500.0,-0.05652748432805977,-0.013829534767077115,0.05652748432805977,0.013829534767077115
502.0,-0.06880985537776063,-0.022695108856181142,0.06880985537776063,0.022695108856181142
504.0,-0.08011531511864085,-0.03178870725009933,0.08011531511864085,0.03178870725009933
506.0,-0.0904024323684701,-0.04097148062901567,0.0904024323684701,0.04097148062901567
508.0,-0.09945970567424475,-0.04986732793403806,0.09945970567424475,0.04986732793403806
510.0,-0.10686528164021071,-0.05783465251946728,0.10686528164021071,0.05783465251946728
512.0,-0.11205558439368937,-0.0640368390410611,0.11205558439368937,0.0640368390410611
514.0,-0.11452556803884396,-0.06764950438552267,0.11452556803884396,0.06764950438552267
516.0,-0.11408280569087735,-0.06814997206354442,0.11408280569087735,0.06814997206354442
518.0,-0.11099493136675687,-0.06552408323408411,0.11099493136675687,0.06552408323408411
520.0,-0.10591997114653787,-0.06026612609030459,0.10591997114653787,0.06026612609030459
522.0,-0.09968434788732773,-0.0531865999750393,0.09968434788732773,0.0531865999750393
524.0,-0.09306533548144676,-0.04518456550708731,0.09306533548144676,0.04518456550708731
526.0,-0.08667825260101897,-0.037087005578675246,0.08667825260101897,0.037087005578675246
528.0,-0.08095982194108728,-0.0295745772917706,0.08095982194108728,0.0295745772917706
530.0,-0.07619343818368532,-0.02314916001265873,0.07619343818368532,0.02314916001265873
532.0,-0.07253385365313612,-0.01811807479871053,0.07253385365313612,0.01811807479871053
534.0,-0.07002376104580775,-0.014590797789640985,0.07002376104580775,0.014590797789640985
536.0,-0.06860144023768616,-0.012490653719787317,0.06860144023768616,0.012490653719787317
538.0,-0.06811311635091787,-0.011588666622569407,0.06811311635091787,0.011588666622569407
540.0,-0.06833481408900233,-0.011550439346758331,0.06833481408900233,0.011550439346758331
542.0,-0.06900778699618067,-0.011993436520241568,0.06900778699618067,0.011993436520241568
544.0,-0.06988619192696224,-0.01255164307526821,0.06988619192696224,0.01255164307526821
546.0,-0.07077968072457266,-0.012932432142124198,0.07077968072457266,0.012932432142124198
548.0,-0.07157834072718261,-0.012955019346740058,0.07157834072718261,0.012955019346740058
550.0,-0.07224668214876426,-0.012559234802682536,0.07224668214876426,0.012559234802682536
552.0,-0.0727966056313202,-0.011784438363990474,0.0727966056313202,0.011784438363990474
554.0,-0.07325388875870072,-0.01073749769080531,0.07325388875870072,0.01073749769080531
556.0,-0.07363183783637604,-0.009556502525128088,0.07363183783637604,0.009556502525128088
558.0,-0.07392019536707546,-0.008384471842631799,0.07392019536707546,0.008384471842631799
560.0,-0.07408420235150133,-0.007347979025811682,0.07408420235150133,0.007347979025811682
562.0,-0.07407429630862515,-0.006545550021966107,0.07407429630862515,0.006545550021966107
564.0,-0.07383785389693345,-0.006039051413572003,0.07383785389693345,0.006039051413572003
566.0,-0.07333256835003697,-0.005853269765337854,0.07333256835003697,0.005853269765337854
568.0,-0.07253638056990017,-0.005979115631968573,0.07253638056990017,0.005979115631968573
570.0,-0.07145523940095375,-0.006383093145323399,0.07145523940095375,0.006383093145323399
572.0,-0.07012816155986124,-0.0070214161923758,0.07012816155986124,0.0070214161923758
574.0,-0.0686283350592342,-0.007853920458527406,0.0686283350592342,0.007853920458527406
576.0,-0.06706012340993316,-0.008855949614105301,0.06706012340993316,0.008855949614105301
578.0,-0.06555146850225749,-0.010027192771555752,0.06555146850225749,0.010027192771555752
580.0,-0.06424041682421487,-0.011393545081519456,0.06424041682421487,0.011393545081519456
582.0,-0.06325920565382401,-0.01300249287490819,0.06325920565382401,0.01300249287490819
584.0,-0.06272001437137098,-0.014915894649654817,0.06272001437137098,0.014915894649654817
586.0,-0.06270235431583435,-0.01719751042781678,0.06270235431583435,0.01719751042781678
588.0,-0.06324857627610694,-0.019902518884876215,0.06324857627610694,0.019902518884876215
590.0,-0.06435989589933343,-0.02306614051386961,0.06435989589933343,0.02306614051386961
592.0,-0.06599806370744653,-0.0266944042923964,0.06599806370744653,0.0266944042923964
594.0,-0.06808606417465825,-0.030755386754090973,0.06808606417465825,0.030755386754090973
596.0,-0.07051165228246854,-0.035173773918329286,0.07051165228246854,0.035173773918329286
598.0,-0.07313038386452586,-0.039826801132158356,0.07313038386452586,0.039826801132158356
600.0,-0.07577042746992514,-0.04454410822948518,0.07577042746992514,0.04454410822948518
602.0,-0.07824087897882054,-0.04911338209879318,0.07824087897882054,0.04911338209879318
604.0,-0.08034219878486894,-0.05329149032447919,0.08034219878486894,0.05329149032447919
606.0,-0.08187979557756057,-0.056821133827839466,0.08187979557756057,0.056821133827839466
608.0,-0.08268091424983354,-0.05945397824265255,0.08268091424983354,0.05945397824265255
610.0,-0.08261060337462856,-0.06097582988506844,0.08261060337462856,0.06097582988506844
612.0,-0.08158734866920782,-0.06123215296072321,0.08158734866920782,0.06123215296072321
614.0,-0.07959314978932036,-0.060147892240252215,0.07959314978932036,0.060147892240252215
616.0,-0.07667507977975847,-0.05773674771728277,0.07667507977975847,0.05773674771728277
618.0,-0.07293987282973392,-0.05410044795519526,0.07293987282973392,0.05410044795519526
620.0,-0.068540370668337,-0.04941511078586076,0.068540370668337,0.04941511078586076
622.0,-0.06365709208209057,-0.04390943807250776,0.06365709208209057,0.04390943807250776
624.0,-0.058479095064057934,-0.03783971230396826,0.058479095064057934,0.03783971230396826
626.0,-0.053188235972902266,-0.031467070599953746,0.053188235972902266,0.031467070599953746
628.0,-0.04794660309919051,-0.025038318734539933,0.04794660309919051,0.025038318734539933
630.0,-0.042890294555904936,-0.018773898382209633,0.042890294555904936,0.018773898382209633
632.0,-0.0381272905518294,-0.012862873242311265,0.0381272905518294,0.012862873242311265
634.0,-0.03373901396560463,-0.00746206530104827,0.03373901396560463,0.00746206530104827
636.0,-0.033378033761115644,-0.004835903432537198,0.033378033761115644,0.004835903432537198
638.0,-0.03590917784439246,-0.008881682672208588,0.03590917784439246,0.008881682672208588
640.0,-0.03152674565224922,0.0012790879434982525,0.03152674565224922,0.0012790879434982525
642.0,-0.020650228464837602,0.033890163513884526,0.020650228464837602,0.033890163513884526
644.0,-0.013275663518457619,0.06292401685085619,0.013275663518457619,0.06292401685085619
646.0,-0.015967856563939634,0.06024618940114431,0.015967856563939634,0.06024618940114431
648.0,-0.020959598751598623,0.03821631389977786,0.020959598751598623,0.03821631389977786
650.0,-0.018581858535915326,0.019035995959232242,0.018581858535915326,0.019035995959232242
652.0,-0.0056625305382176335,0.017643924268717134,0.0056625305382176335,0.017643924268717134
654.0,0.012275202322821793,0.03139028942836514,0.012275202322821793,0.03139028942836514
656.0,0.02406773457578197,0.04359960501411828,0.02406773457578197,0.04359960501411828
658.0,0.02027918060306693,0.03679916838582849,0.02027918060306693,0.03679916838582849
660.0,0.0006579404336880554,0.007453194284273542,0.0006579404336880554,0.007453194284273542
662.0,-0.025376371171511668,-0.03086631095396427,0.025376371171511668,0.03086631095396427
664.0,-0.04541377301504022,-0.058204585603156854,0.04541377301504022,0.058204585603156854
666.0,-0.0525883577597485,-0.0635369154871765,0.0525883577597485,0.0635369154871765
668.0,-0.04853393984818485,-0.0507346068402716,0.04853393984818485,0.0507346068402716
670.0,-0.04026250607636867,-0.033383679284715854,0.04026250607636867,0.033383679284715854
672.0,-0.03526698824663558,-0.025566257684931162,0.03526698824663558,0.025566257684931162
674.0,-0.03705943388752382,-0.03313923699962089,0.03705943388752382,0.03313923699962089
676.0,-0.04334196711874196,-0.050422225699671766,0.04334196711874196,0.050422225699671766
678.0,-0.04843706897621638,-0.06552031863242423,0.04843706897621638,0.06552031863242423
680.0,-0.04793801002349751,-0.06981630734777994,0.04793801002349751,0.06981630734777994
682.0,-0.041759760091790235,-0.06358585736548508,0.041759760091790235,0.06358585736548508
684.0,-0.03417766688004133,-0.05505805610699294,0.03417766688004133,0.05505805610699294
686.0,-0.03091714923760496,-0.05401641948526763,0.03091714923760496,0.05401641948526763
688.0,-0.03484574973773312,-0.06381746609497012,0.03484574973773312,0.06381746609497012
690.0,-0.04362678714156895,-0.07814857716638514,0.04362678714156895,0.07814857716638514
692.0,-0.051129539319110434,-0.08517631927917692,0.051129539319110434,0.08517631927917692
694.0,-0.051413483308144096,-0.07574072074362523,0.051413483308144096,0.07574072074362523
696.0,-0.04212963353498836,-0.04911959614178919,0.04212963353498836,0.04911959614178919
698.0,-0.025689131956627906,-0.013735944835444082,0.025689131956627906,0.013735944835444082
700.0,-0.008221339466980468,0.01678699887823615,0.008221339466980468,0.01678699887823615
702.0,0.0037767626395366623,0.03131693986267571,0.0037767626395366623,0.03131693986267571
704.0,0.007070417449916622,0.027467101383685445,0.007070417449916622,0.027467101383685445
706.0,0.0028910723083565206,0.011820013400732713,0.0028910723083565206,0.011820013400732713
708.0,-0.004684661684398286,-0.0052953326242962855,0.004684661684398286,0.0052953326242962855
710.0,-0.011850781520991956,-0.016736214674626344,0.011850781520991956,0.016736214674626344
712.0,-0.017342844918479285,-0.022239558282598722,0.017342844918479285,0.022239558282598722
714.0,-0.02257302319206043,-0.027232513383518685,0.02257302319206043,0.027232513383518685
716.0,-0.02996951414483635,-0.03823262455691744,0.02996951414483635,0.03823262455691744
718.0,-0.040472139231520196,-0.05732379234134396,0.040472139231520196,0.05732379234134396
720.0,-0.051786948638886006,-0.07933716526027998,0.051786948638886006,0.07933716526027998
722.0,-0.05884393375484598,-0.09397173853139158,0.05884393375484598,0.09397173853139158
724.0,-0.05647401995803993,-0.09180013894145699,0.05647401995803993,0.09180013894145699
726.0,-0.042409748075564094,-0.06990744669857088,0.042409748075564094,0.06990744669857088
728.0,-0.018845803501326332,-0.033809288031054804,0.018845803501326332,0.033809288031054804
730.0,0.007609624330840987,0.004147990052219704,0.007609624330840987,0.004147990052219704
732.0,0.02794866867044065,0.029574386125595663,0.02794866867044065,0.029574386125595663
734.0,0.03462840396985907,0.032781098561631444,0.03462840396985907,0.032781098561631444
736.0,0.025106121372150632,0.013455760250273334,0.025106121372150632,0.013455760250273334
738.0,0.0031153806661217737,-0.01939523294393225,0.0031153806661217737,0.01939523294393225
740.0,-0.02295245568989239,-0.05207139598383631,0.02295245568989239,0.05207139598383631
742.0,-0.043810775070092706,-0.07274962134516957,0.043810775070092706,0.07274962134516957
744.0,-0.05273750257082611,-0.07589111050781187,0.05273750257082611,0.07589111050781187
746.0,-0.04751297451735822,-0.06330537529775804,0.04751297451735822,0.06330537529775804
748.0,-0.03105881221920326,-0.042689703900858515,0.03105881221920326,0.042689703900858515
750.0,-0.010064956686137693,-0.023621120674800666,0.010064956686137693,0.023621120674800666
752.0,0.008222196277211678,-0.0126868782870476,0.008222196277211678,0.0126868782870476
754.0,0.018965515471098312,-0.010863731211408406,0.018965515471098312,0.010863731211408406
756.0,0.021179205289150904,-0.014116927592233408,0.021179205289150904,0.014116927592233408
758.0,0.017421517982948418,-0.016342210719155773,0.017421517982948418,0.016342210719155773
760.0,0.011977962420821645,-0.012855104984930277,0.011977962420821645,0.012855104984930277
762.0,0.008720730623384597,-0.0026282614161071563,0.008720730623384597,0.0026282614161071563
764.0,0.0096220269806406,0.011239601133252796,0.0096220269806406,0.011239601133252796
766.0,0.01416683112652425,0.022962149246944445,0.01416683112652425,0.022962149246944445
768.0,0.019900243800575486,0.027142640899812137,0.019900243800575486,0.027142640899812137
770.0,0.023921190027771575,0.021726891141775943,0.023921190027771575,0.021726891141775943
772.0,0.024435521121201852,0.009096356942921904,0.024435521121201852,0.009096356942921904
774.0,0.02162953165923571,-0.005000884444768831,0.02162953165923571,0.005000884444768831
776.0,0.017493030513256624,-0.014138706395344161,0.017493030513256624,0.014138706395344161
778.0,0.01471072664872615,-0.014075564317042181,0.01471072664872615,0.014075564317042181
780.0,0.015348166681884878,-0.004348905172387149,0.015348166681884878,0.004348905172387149
782.0,0.019896202631106606,0.011513097702258333,0.019896202631106606,0.011513097702258333
784.0,0.0268947460132101,0.02706039788757374,0.0268947460132101,0.02706039788757374
786.0,0.0333958735300241,0.035399555529554295,0.0333958735300241,0.035399555529554295
788.0,0.03617825238089274,0.03211013301766568,0.03617825238089274,0.03211013301766568
790.0,0.03314155119878477,0.017098274541497302,0.03314155119878477,0.017098274541497302
792.0,0.024337992298079928,-0.005285446178401736,0.024337992298079928,0.005285446178401736
794.0,0.012134106624964185,-0.027995195558026095,0.012134106624964185,0.027995195558026095
796.0,0.00026820631225027175,-0.04419067590639466,0.00026820631225027175,0.04419067590639466
798.0,-0.007550037766737518,-0.04953568842984112,0.007550037766737518,0.04953568842984112
800.0,-0.008758202545259955,-0.04314054253519061,0.008758202545259955,0.04314054253519061
802.0,-0.0027217320989242817,-0.02763733045249596,0.0027217320989242817,0.02763733045249596
804.0,0.008895930117707597,-0.008421799049736455,0.008895930117707597,0.008421799049736455
806.0,0.02259690231171415,0.008236207446509795,0.02259690231171415,0.008236207446509795
808.0,0.034286035454927775,0.017476326357868385,0.034286035454927775,0.017476326357868385
810.0,0.04064895669467277,0.01736471355819503,0.04064895669467277,0.01736471355819503
812.0,0.040246178616569005,0.009284259059916361,0.040246178616569005,0.009284259059916361
814.0,0.03402095808245559,-0.002794701113652075,0.03402095808245559,0.002794701113652075
816.0,0.024906970270110088,-0.01392364926639045,0.024906970270110088,0.01392364926639045
818.0,0.016740193848491243,-0.019879572083259026,0.016740193848491243,0.019879572083259026
820.0,0.013074639410483577,-0.018299455181490135,0.013074639410483577,0.018299455181490135
822.0,0.01616989311739297,-0.009228264167413257,0.01616989311739297,0.009228264167413257
824.0,0.026221715898892044,0.004894542195403169,0.026221715898892044,0.004894542195403169
826.0,0.04115854672551787,0.020023787036988417,0.04115854672551787,0.020023787036988417
828.0,0.05720919619684386,0.03185602747947647,0.05720919619684386,0.03185602747947647
830.0,0.06998031662596135,0.03711588533540237,0.06998031662596135,0.03711588533540237
832.0,0.07571593326601062,0.034402881710210324,0.07571593326601062,0.034402881710210324
834.0,0.07247936630762443,0.024481871131940378,0.07247936630762443,0.024481871131940378
836.0,0.060729728515218864,0.009850713925776439,0.060729728515218864,0.009850713925776439
838.0,0.04297874441403612,-0.006221935285004459,0.04297874441403612,0.006221935285004459
840.0,0.022962853168367017,-0.020591586899498582,0.022962853168367017,0.020591586899498582
842.0,0.00486686978782151,-0.03077411183688778,0.00486686978782151,0.03077411183688778
844.0,-0.007436085748610922,-0.03529797231346078,0.007436085748610922,0.03529797231346078
846.0,-0.011316366012938285,-0.03398139808043779,0.011316366012938285,0.03398139808043779
848.0,-0.006168977237779538,-0.027895379380113664,0.006168977237779538,0.027895379380113664
850.0,0.006447317098992456,-0.01891069587371344,0.006447317098992456,0.01891069587371344
852.0,0.023307465317181586,-0.009086548493096366,0.023307465317181586,0.009086548493096366
854.0,0.040349325621593164,-0.00019924146051621008,0.040349325621593164,0.00019924146051621008
856.0,0.053728327415062074,0.006577440176459343,0.053728327415062074,0.006577440176459343
858.0,0.06088855636035401,0.010841390001382055,0.06088855636035401,0.010841390001382055
860.0,0.061137239938833035,0.012901435697141722,0.061137239938833035,0.012901435697141722
862.0,0.05551610342729716,0.013519544686910039,0.05551610342729716,0.013519544686910039
864.0,0.04630937434916303,0.013620092983732436,0.04630937434916303,0.013620092983732436
866.0,0.036513288976383194,0.014078919623424144,0.036513288976383194,0.014078919623424144
868.0,0.029222479599416273,0.015585000557821764,0.029222479599416273,0.015585000557821764
870.0,0.026878304598868762,0.018554626713723505,0.026878304598868762,0.018554626713723505
872.0,0.03061653990606717,0.023081444257281272,0.03061653990606717,0.023081444257281272
874.0,0.04001230200353551,0.028936070837039755,0.04001230200353551,0.028936070837039755
876.0,0.053227727555083926,0.03558638733502974,0.053227727555083926,0.03558638733502974
878.0,0.06747036924891214,0.042255189289641816,0.06747036924891214,0.042255189289641816
880.0,0.07971648684061479,0.04805344865813836,0.07971648684061479,0.04805344865813836
882.0,0.08750432544901776,0.05215043674543066,0.08750432544901776,0.05215043674543066
884.0,0.08943928553403019,0.05388468029294849,0.08943928553403019,0.05388468029294849
886.0,0.08526904697499295,0.052777794942097576,0.08526904697499295,0.052777794942097576
888.0,0.0757683883523929,0.04857231365414843,0.0757683883523929,0.04857231365414843
890.0,0.0626238358211059,0.041356918537630606,0.0626238358211059,0.041356918537630606
892.0,0.048253560866338537,0.03173615349176309,0.048253560866338537,0.03173615349176309
894.0,0.03537295838855532,0.020858299387437565,0.03537295838855532,0.020858299387437565
896.0,0.026359846944077166,0.010231777735904135,0.026359846944077166,0.010231777735904135
898.0,0.022712990709299722,0.0014178737524427481,0.022712990709299722,0.0014178737524427481
900.0,0.024802187479471643,-0.0042439037654903086,0.024802187479471643,0.0042439037654903086
902.0,0.03188006090037001,-0.005868589606392666,0.03188006090037001,0.005868589606392666
904.0,0.042318522217548,-0.0032048867829666395,0.042318522217548,0.0032048867829666395
906.0,0.05404677650214967,0.003293653386493326,0.05404677650214967,0.003293653386493326
908.0,0.06506763003059754,0.012586776827987317,0.06506763003059754,0.012586776827987317
910.0,0.07383781880603427,0.023291458297402864,0.07383781880603427,0.023291458297402864
912.0,0.07942521690255945,0.033919637746929285,0.07942521690255945,0.033919637746929285
914.0,0.08155395182836724,0.04306028482375166,0.08155395182836724,0.04306028482375166
916.0,0.08064785707150958,0.0495975477859818,0.08064785707150958,0.0495975477859818
918.0,0.07783218970626746,0.052990959931083804,0.07783218970626746,0.052990959931083804
920.0,0.07472421185552668,0.05345689116241505,0.07472421185552668,0.05345689116241505
922.0,0.07301828950382883,0.05192020065259201,0.07301828950382883,0.05192020065259201
924.0,0.07402072960633206,0.04973080242516524,0.07402072960633206,0.04973080242516524
926.0,0.07831744658177761,0.04830734326785412,0.07831744658177761,0.04830734326785412
928.0,0.08564598990220268,0.04882136615131671,0.08564598990220268,0.04882136615131671
930.0,0.09500420900147213,0.0519548739282559,0.09500420900147213,0.0519548739282559
932.0,0.10498209267553824,0.05776851204472837,0.10498209267553824,0.05776851204472837
934.0,0.11415994029254983,0.06573960739625553,0.11415994029254983,0.06573960739625553
936.0,0.1213300723483749,0.0748867146648413,0.1213300723483749,0.0748867146648413
938.0,0.1255014791300038,0.08389232633985935,0.1255014791300038,0.08389232633985935
940.0,0.12585706575272565,0.09118828167251801,0.12585706575272565,0.09118828167251801
942.0,0.1218783041937524,0.09513636577741157,0.1218783041937524,0.09513636577741157
944.0,0.11368993961105345,0.09444420522222279,0.11368993961105345,0.09444420522222279
946.0,0.10238875868535312,0.08872997626097022,0.10238875868535312,0.08872997626097022
948.0,0.08996567407141107,0.078834356223777,0.08996567407141107,0.078834356223777
950.0,0.07875494724053674,0.06659451652691951,0.07875494724053674,0.06659451652691951
952.0,0.07078716169066288,0.05428072376588321,0.07078716169066288,0.05428072376588321
954.0,0.06739096635178149,0.044112296946142195,0.06739096635178149,0.044112296946142195
956.0,0.06903891733542152,0.03795771145838592,0.06903891733542152,0.03795771145838592
958.0,0.07530673465214058,0.03702551702887495,0.07530673465214058,0.03702551702887495
960.0,0.08503418315392969,0.04158143419806448,0.08503418315392969,0.04158143419806448
962.0,0.09672224565754717,0.05090496773164923,0.09672224565754717,0.05090496773164923
964.0,0.1089504586456337,0.0635860185977596,0.1089504586456337,0.0635860185977596
966.0,0.12053066971463128,0.07788089369166452,0.12053066971463128,0.07788089369166452
968.0,0.13038797641496064,0.09186964212911371,0.13038797641496064,0.09186964212911371
970.0,0.13738229692246728,0.10342393934044915,0.13738229692246728,0.10342393934044915
972.0,0.14037256098696518,0.1103239736937871,0.14037256098696518,0.1103239736937871
974.0,0.13867187985490456,0.110799839874619,0.13867187985490456,0.110799839874619
976.0,0.13270239581027457,0.10441836763865106,0.13270239581027457,0.10441836763865106
978.0,0.1241911085947519,0.09253558305199211,0.1241911085947519,0.09253558305199211
980.0,0.11557953139196359,0.07782425607758031,0.11557953139196359,0.07782425607758031
982.0,0.10913013891452387,0.06331693880466492,0.10913013891452387,0.06331693880466492
984.0,0.10633863142023092,0.051778351812739265,0.10633863142023092,0.051778351812739265
986.0,0.10767716738570612,0.045433631049178774,0.10767716738570612,0.045433631049178774
988.0,0.11252027549725878,0.04565121955784399,0.11252027549725878,0.04565121955784399
990.0,0.11938646256939232,0.05238409814472579,0.11938646256939232,0.05238409814472579
992.0,0.12665454686971367,0.0640155999317186,0.12665454686971367,0.0640155999317186
994.0,0.13320384218761797,0.07797770390039258,0.13320384218761797,0.07797770390039258
996.0,0.13840910608800897,0.09159648457641029,0.13840910608800897,0.09159648457641029
998.0,0.14164214256276358,0.10230114535922835,0.14164214256276358,0.10230114535922835
1000.0,0.14177598158861962,0.10729355277765472,0.14177598158861962,0.10729355277765472
1002.0,0.13700335987978582,0.10334795187302609,0.13700335987978582,0.10334795187302609
1004.0,0.1254498311643069,0.08773180041731743,0.1254498311643069,0.08773180041731743
1006.0,0.10698986628324363,0.06074276839287305,0.10698986628324363,0.06074276839287305
1008.0,0.08494627877493305,0.027802653560226206,0.08494627877493305,0.027802653560226206
1010.0,0.06500253295372918,-0.002385379262462721,0.06500253295372918,0.002385379262462721
1012.0,0.052379661018005806,-0.021594522698355538,0.052379661018005806,0.021594522698355538
1014.0,0.050907833797487825,-0.022742989686296428,0.050907833797487825,0.022742989686296428
1016.0,0.06402968986021869,0.002239820683903728,0.06402968986021869,0.002239820683903728
1018.0,0.09532420292857917,0.06378981564019277,0.09532420292857917,0.06378981564019277
1020.0,0.1459900626305403,0.17035681444121317,0.1459900626305403,0.17035681444121317
